name,email,phone,used
Bình Bảo Lâm,t.o.m.o.b.e.s.h.a.r.in.g@gmail.com,070-4431-6074,0
Xuân Đào,t.o.m.o.b.e.s.ha.ri.n.g@gmail.com,080-8650-2248,0
Khoa Đình Nguyễn,to.m.o.b.e.s.h.a.rin.g@gmail.com,080-7494-8458,0
Trang Ngọc Mai,t.o.m.o.b.e.s.h.a.rin.g@gmail.com,080-7343-2871,0
Vinh Phan,t.o.mo.b.esh.ari.n.g@gmail.com,070-9453-4923,0
Xuân Phương Hồ,to.mo.b.es.h.a.r.i.n.g@gmail.com,070-8836-9276,0
Thảo Bảo Hồ,tom.obesh.ari.n.g@gmail.com,070-3102-4654,0
Vinh Ngọc Nguyễn,tom.obes.h.a.r.i.n.g@gmail.com,070-0729-5950,0
Chi Bảo Vũ,to.m.o.be.sh.a.r.ing@gmail.com,090-3183-5160,0
Anh Hoàng Bùi,tomobes.har.ing@gmail.com,090-1759-2766,0
Tuấn Phương Phan,tom.obesha.ring@gmail.com,070-6813-6989,0
Phong Lê,to.m.o.b.e.sh.a.r.in.g@gmail.com,090-2800-3807,0
Vinh Ngọc Đỗ,t.om.ob.e.s.h.a.r.in.g@gmail.com,080-1559-2512,0
Yến Ngô,t.om.ob.es.ha.ring@gmail.com,090-2549-3627,0
An Thu Lý,tomobeshar.ing@gmail.com,090-1280-8288,0
Phong Vũ,t.o.m.obe.s.h.a.r.i.n.g@gmail.com,080-7443-0809,0
Nam Vũ,t.o.m.o.b.esh.ari.n.g@gmail.com,080-8697-1337,0
Yến Hồ,t.o.m.o.b.es.h.a.r.in.g@gmail.com,080-0591-5741,0
Minh Vũ,t.o.mo.be.s.har.i.ng@gmail.com,080-3549-0565,0
Tuấn Đỗ,t.o.mobesharing@gmail.com,090-0966-6942,0
Xuân Minh Đặng,to.mobe.s.har.ing@gmail.com,090-1323-9276,0
Sơn Vũ,tomobesha.ring@gmail.com,090-3702-7241,0
Xuân Ngọc Lâm,t.o.m.o.b.e.s.h.ar.i.ng@gmail.com,070-5443-9039,0
Dũng Bảo Đỗ,tomo.besh.ari.n.g@gmail.com,080-7630-7268,0
Minh Phương Trần,t.o.m.o.b.e.s.ha.r.i.n.g@gmail.com,070-1078-5441,0
Bình Lý,tom.obe.sharing@gmail.com,080-0857-1202,0
Tuấn Vương,t.omobe.s.h.ar.i.ng@gmail.com,090-5680-3389,0
Xuân Phạm,tom.obe.s.h.aring@gmail.com,090-0148-5935,0
Dũng Vương,t.o.mobes.h.a.r.i.n.g@gmail.com,080-9796-6546,0
Quân Phương Hồ,tomob.esh.a.ring@gmail.com,080-2072-5853,0
Đức Thu Trịnh,to.mo.be.s.h.ar.in.g@gmail.com,070-8258-9062,0
An Lê,t.o.m.ob.e.s.h.ari.n.g@gmail.com,080-6561-9926,0
Minh Bùi,tomo.be.sh.aring@gmail.com,080-3764-4913,0
Khoa Thị Trịnh,tomo.be.sh.arin.g@gmail.com,080-3607-2376,0
Trang Ngô,t.o.mo.b.e.shar.ing@gmail.com,070-2520-2697,0
Quân Thị Lâm,t.o.m.o.b.e.s.h.ar.i.n.g@gmail.com,090-9798-6723,0
Khoa Hoàng Vương,t.o.m.o.b.e.s.h.a.r.i.ng@gmail.com,070-3379-6871,0
Dũng Ngọc Lý,t.o.m.o.b.esha.r.i.n.g@gmail.com,080-8262-2419,0
Linh Hoàng Nguyễn,tomob.es.h.a.rin.g@gmail.com,090-3787-2330,0
Tuấn Vũ,t.omobesh.a.r.i.ng@gmail.com,090-4825-0453,0
Bình Đào,to.mo.besha.ri.ng@gmail.com,090-5318-3501,0
Hương Bảo Trương,t.o.m.o.b.e.s.h.ari.n.g@gmail.com,090-7379-1515,0
Dũng Hữu Ngô,to.m.o.b.e.s.ha.r.i.n.g@gmail.com,080-5089-1248,0
Tuấn Thị Hoàng,to.m.o.b.es.har.i.n.g@gmail.com,070-2124-5031,0
Yến Hồ,tomobesharin.g@gmail.com,090-7173-8750,0
Thảo Hữu Mai,tomob.esharing@gmail.com,090-7103-9870,0
Phong Phạm,tomobe.s.harin.g@gmail.com,080-8637-5309,0
Thảo Lâm,tomobesh.aring@gmail.com,070-3202-2584,0
Linh Hoàng Ngô,to.mo.bes.har.ing@gmail.com,070-6573-4039,0
Xuân Hoàng Hồ,t.o.m.o.b.es.h.a.r.i.n.g@gmail.com,080-6543-3843,0
Chi Thu Mai,tomo.b.esh.aring@gmail.com,070-2555-1631,0
Tuấn Văn Ngô,tomobesh.ari.ng@gmail.com,070-3864-9221,0
Bình Thu Vương,to.m.o.b.es.h.a.ri.n.g@gmail.com,090-6126-8920,0
Linh Đình Lâm,to.m.o.bes.ha.r.i.ng@gmail.com,080-2144-3446,0
Chi Nguyễn,to.m.ob.e.sh.ari.n.g@gmail.com,090-6051-4323,0
Nam Trần,t.om.o.b.e.s.h.a.r.i.n.g@gmail.com,080-3385-0547,0
Chi Văn Đào,tom.ob.e.sh.a.r.i.n.g@gmail.com,090-2384-8236,0
Sơn Ngọc Trần,to.m.o.b.e.s.h.a.r.i.n.g@gmail.com,080-2461-1598,0
Khoa Hoàng Phạm,tomo.b.es.harin.g@gmail.com,080-5148-7820,0
Nam Hữu Trần,t.omobe.sh.a.ring@gmail.com,090-0268-1468,0
Đức Đào,t.o.mo.b.es.h.a.r.i.n.g@gmail.com,090-4967-0202,0
Linh Phạm,t.o.mob.e.s.harin.g@gmail.com,080-3477-8591,0
Khoa Ngọc Vũ,t.om.o.b.e.sh.a.r.i.n.g@gmail.com,090-4500-0726,0
Trang Ngô,to.mo.bes.haring@gmail.com,080-6230-6534,0
Dũng Phương Nguyễn,to.mo.beshar.ing@gmail.com,090-2359-9975,0
Linh Bảo Trịnh,tomob.es.ha.r.in.g@gmail.com,090-2018-4453,0
An Vương,tom.o.b.e.s.h.a.ri.n.g@gmail.com,080-6191-2606,0
Xuân Lê,t.o.mo.b.e.s.h.a.r.i.n.g@gmail.com,070-4011-8456,0
Khoa Ngọc Lê,to.mo.besharin.g@gmail.com,080-8543-1388,0
Quân Vương,t.omob.eshar.in.g@gmail.com,080-0042-4080,0
Bình Trương,tomobe.sh.aring@gmail.com,090-4619-3908,0
Quân Đào,t.o.m.o.b.es.h.a.r.ing@gmail.com,090-7895-8462,0
Dũng Ngô,to.mo.be.s.ha.r.i.ng@gmail.com,080-7712-9504,0
Linh Lâm,to.mob.es.h.a.r.i.ng@gmail.com,070-3556-1987,0
Xuân Hoàng Lý,to.mobeshari.ng@gmail.com,070-9133-6979,0
Yến Nguyễn,tomob.e.s.harin.g@gmail.com,070-1095-2557,0
Linh Hoàng Nguyễn,tom.obe.sh.ari.ng@gmail.com,090-5212-0435,0
Tuấn Hoàng Phạm,to.mo.b.eshar.in.g@gmail.com,080-4983-5994,0
Khoa Văn Vũ,t.omobe.sharing@gmail.com,070-8544-1390,0
Chi Ngọc Đặng,t.o.m.o.bes.h.a.r.i.n.g@gmail.com,090-2388-9612,0
Bình Ngọc Hồ,t.o.m.o.b.e.s.har.i.n.g@gmail.com,090-0992-7815,0
An Hoàng Đào,to.m.obe.shar.i.ng@gmail.com,070-7039-8124,0
Anh Phương Mai,t.o.m.o.be.s.h.a.r.i.n.g@gmail.com,090-4297-6421,0
An Trương,t.omo.be.s.h.ari.n.g@gmail.com,080-4526-0029,0
Chi Thị Nguyễn,t.om.obesha.ring@gmail.com,090-2835-9422,0
Khoa Ngô,t.o.m.o.b.e.s.h.a.r.i.n.g@gmail.com,070-6540-9459,0
Hương Trương,to.mobe.s.h.ar.ing@gmail.com,080-3741-7509,0
Đức Phương Trần,to.mob.e.s.ha.r.i.n.g@gmail.com,070-4095-7854,0
Tuấn Ngô,t.om.o.b.e.s.h.a.ri.n.g@gmail.com,080-8196-3176,0
Chi Trịnh,t.o.m.o.b.es.h.ar.i.n.g@gmail.com,070-6287-0227,0
Vinh Bảo Đặng,t.o.mo.b.es.h.ar.in.g@gmail.com,080-8772-2478,0
Phong Bảo Ngô,t.o.mobesh.a.ring@gmail.com,070-9651-3545,0
Anh Nguyễn,to.m.ob.es.h.a.r.i.n.g@gmail.com,090-6970-0630,0
Xuân Bảo Phạm,to.mob.esharing@gmail.com,090-6633-2328,0
Bình Thị Phan,t.o.m.ob.e.s.ha.r.ing@gmail.com,070-5323-0297,0
Dũng Thu Hoàng,tomobe.shar.ing@gmail.com,070-6939-2900,0
Thảo Ngọc Đặng,t.o.mo.be.s.ha.r.in.g@gmail.com,080-6500-6001,0
Tuấn Vũ,tomob.esha.r.ing@gmail.com,070-2227-3366,0
Quân Ngọc Hồ,to.m.obe.sh.ar.i.ng@gmail.com,080-4014-6114,0
Anh Trương,t.o.m.ob.e.sh.a.ri.n.g@gmail.com,080-3789-1439,0
Quân Ngọc Hồ,to.m.o.be.s.h.ari.n.g@gmail.com,070-2674-3770,0
Vinh Ngô,t.omo.b.e.s.h.a.r.i.n.g@gmail.com,090-1110-9026,0
Xuân Thu Vũ,t.o.mobe.s.h.ar.i.ng@gmail.com,080-4966-2136,0
Bình Bảo Phạm,to.mobesharing@gmail.com,070-9402-3356,0
Linh Ngọc Ngô,t.omob.e.s.ha.ri.n.g@gmail.com,090-9297-4403,0
Minh Trịnh,t.omobesharing@gmail.com,080-3949-3772,0
Tuấn Dương,tom.o.besh.a.ring@gmail.com,080-5891-3903,0
Nam Đình Dương,t.o.m.o.b.esh.a.r.ing@gmail.com,080-9499-8492,0
Trang Minh Nguyễn,to.mobesha.rin.g@gmail.com,070-0719-9363,0
Khoa Nguyễn,t.omo.b.es.h.a.r.in.g@gmail.com,070-3807-9310,0
Phong Đặng,tomo.bes.hari.ng@gmail.com,080-0325-9386,0
Quân Trần,t.o.mo.be.sh.a.r.i.n.g@gmail.com,090-5105-9526,0
Bình Nguyễn,t.o.m.o.be.sh.a.ring@gmail.com,070-6926-5737,0
Phong Thu Trần,tomobe.sharing@gmail.com,080-1110-4508,0
Bình Hoàng Dương,tom.ob.esha.ring@gmail.com,070-6742-5093,0
Dũng Đình Phạm,t.o.mobe.s.hari.n.g@gmail.com,080-4496-0533,0
Chi Hoàng,tom.obesharing@gmail.com,080-1777-4281,0
Dũng Vũ,t.omob.es.h.a.ring@gmail.com,090-9440-1910,0
Tuấn Trần,to.mo.b.e.s.ha.r.ing@gmail.com,090-3202-1130,0
Dũng Trần,tomo.besharing@gmail.com,090-2215-7354,0
Tuấn Minh Phan,t.o.m.o.b.e.sha.r.i.n.g@gmail.com,090-8105-8712,0
Hương Trịnh,t.o.m.ob.e.s.h.a.r.i.n.g@gmail.com,070-9957-2144,0
Linh Đặng,t.om.obe.s.h.a.r.i.n.g@gmail.com,080-7521-8317,0
Bình Ngô,to.m.obes.hari.ng@gmail.com,070-4977-5869,0
Minh Thu Mai,to.m.ob.es.har.in.g@gmail.com,090-8281-1533,0
Minh Thị Hoàng,t.o.mo.be.s.h.a.ring@gmail.com,090-3719-7493,0
Khoa Đình Phạm,tom.ob.eshari.ng@gmail.com,070-9222-3547,0
Linh Văn Mai,to.mo.beshari.ng@gmail.com,070-6462-3540,0
Yến Mai,t.o.mobe.s.ha.rin.g@gmail.com,080-0909-0435,0
Vinh Phương Đỗ,t.o.m.o.b.es.ha.r.i.ng@gmail.com,080-1900-1506,0
Đức Hữu Bùi,to.m.o.be.sh.a.r.in.g@gmail.com,070-3297-5472,0
Yến Đào,to.m.o.bes.h.ar.i.n.g@gmail.com,090-5718-7772,0
Tuấn Đình Trịnh,t.om.o.be.s.h.ar.i.n.g@gmail.com,080-8996-6361,0
Anh Mai,to.m.o.b.e.sha.r.i.n.g@gmail.com,090-2248-2445,0
Dũng Hoàng,to.m.o.b.e.s.har.i.ng@gmail.com,090-8699-5874,0
Sơn Phương Trương,to.mobe.s.h.a.r.i.n.g@gmail.com,070-8400-9433,0
Khoa Lâm,t.o.m.ob.eshari.ng@gmail.com,080-8208-6270,0
Phong Phương Hoàng,to.m.obesha.r.ing@gmail.com,090-1815-6198,0
Tuấn Đào,to.m.o.b.e.sha.rin.g@gmail.com,090-5708-5808,0
Nam Vũ,tomobes.ha.ring@gmail.com,070-7016-6264,0
Xuân Lê,tomo.beshari.ng@gmail.com,090-2594-0656,0
Linh Ngô,t.omo.b.e.s.ha.ring@gmail.com,070-6722-8501,0
Minh Đình Trịnh,to.mo.besharing@gmail.com,090-4552-1023,0
Chi Nguyễn,to.m.o.b.e.sh.a.ring@gmail.com,080-4228-3905,0
Thảo Hồ,tom.o.b.e.sh.ar.ing@gmail.com,080-7136-4022,0
Anh Thu Hoàng,to.m.ob.e.s.h.ar.in.g@gmail.com,090-9762-1116,0
Vinh Lê,tomobe.sh.a.ring@gmail.com,070-4793-7509,0
Đức Thị Hồ,tomobes.h.aring@gmail.com,090-5990-7326,0
Phong Phương Đào,tomobeshari.n.g@gmail.com,080-3215-5088,0
Yến Lâm,to.mob.esharin.g@gmail.com,070-7595-3209,0
