name,email,phone
Kevin Johnson,onlyone23.1287@gmail.com,070-0302-4322
Kevin Lee ,onlyone.23.1287@gmail.com,070-0302-4337
Kevin Lee Johnson,tom.obedocuments@gmail.com,070-0302-4377
Chris Miller,t.omobed.ocuments@gmail.com,070-2879-3909
Ryan Johnson,tomo.be.d.oc.u.m.ents@gmail.com,070-8937-1176
Sarah Ann Johnson,tom.o.bedocume.nts@gmail.com,070-0683-0032
Mike Lee Miller,tom.o.b.e.do.c.u.m.e.n.t.s@gmail.com,070-0953-7554
Josh Lee Anderson,to.m.obed.o.c.u.m.e.nt.s@gmail.com,070-0109-1423
David Brown,t.om.ob.ed.o.c.u.men.ts@gmail.com,070-2091-8164
Alex William Anderson,to.mobedocumen.ts@gmail.com,070-1263-7428
John Smith,to.mo.b.e.d.ocum.e.nts@gmail.com,070-7220-5649
Chris Marie Thomas,t.o.m.o.b.e.do.cum.e.n.t.s@gmail.com,070-1034-7253
David Anderson,t.o.m.o.be.d.o.c.u.m.e.n.t.s@gmail.com,070-5078-7071
Sarah Brown,t.o.m.ob.ed.oc.u.me.n.ts@gmail.com,070-0984-7549
Kevin Lee Moore,t.om.o.be.documents@gmail.com,070-3428-1293
David William Brown,t.o.m.o.be.d.o.cu.m.e.n.ts@gmail.com,070-0752-1432
Emma Moore,to.mobedoc.um.ents@gmail.com,070-6976-6812
Chris Marie Thomas,t.omob.e.document.s@gmail.com,070-5876-6796
Alex James Anderson,t.o.m.o.b.e.d.ocu.men.t.s@gmail.com,070-7088-7854
Josh Moore,t.o.mo.be.do.c.u.m.e.n.ts@gmail.com,070-5699-7040
Emma James Brown,to.mo.be.docu.m.e.nts@gmail.com,070-0743-6102
David Ann Smith,t.omob.e.do.c.u.m.e.nt.s@gmail.com,070-8776-9432
David Brown,t.om.ob.e.do.c.ume.nt.s@gmail.com,070-5287-7932
Chris William Moore,t.o.m.o.b.e.d.ocume.n.t.s@gmail.com,070-4633-0241
Alex Thomas,tomob.edocuments@gmail.com,070-0221-8220
Kevin Moore,t.om.ob.edoc.u.m.e.n.ts@gmail.com,070-8571-2792
Ryan James Miller,t.om.o.b.e.d.oc.u.m.e.n.t.s@gmail.com,070-9046-1349
Kevin Marie Anderson,t.o.m.ob.edoc.ument.s@gmail.com,070-1449-2022
Ryan William Moore,tomob.e.d.o.cume.n.ts@gmail.com,070-3717-0940
David Moore,t.om.o.b.e.d.o.cu.ment.s@gmail.com,070-6747-3507
Kevin Thomas,t.o.mo.b.e.doc.u.men.t.s@gmail.com,070-2119-6766
Mike James Moore,tomo.bedo.c.u.ments@gmail.com,070-7987-4126
Josh Ann Moore,tomob.edoc.ume.n.t.s@gmail.com,070-2126-7898
Emma William Thomas,tomobe.do.c.uments@gmail.com,070-1705-8244
Josh Taylor,t.o.m.obed.o.cu.me.nts@gmail.com,070-1441-9455
Sarah Miller,t.o.mob.e.d.o.c.u.m.en.t.s@gmail.com,070-4753-0413
Emma Johnson,t.o.mo.b.e.d.o.c.umen.t.s@gmail.com,070-1028-0450
John William Moore,t.o.m.ob.e.d.oc.u.m.e.n.t.s@gmail.com,070-3531-6013
Emma Smith,tomobedoc.ume.nts@gmail.com,070-6656-2219
Kevin Marie Brown,tomo.bedocume.nt.s@gmail.com,070-7646-8206
Chris Ann Anderson,t.o.m.o.b.e.d.o.c.u.m.en.t.s@gmail.com,070-6856-0858
Ryan Ann Taylor,t.o.mo.b.ed.ocumen.t.s@gmail.com,070-4697-2469
Ryan Thomas,t.om.o.b.e.d.o.cu.m.e.n.t.s@gmail.com,070-6372-2876
Alex Wilson,to.m.o.b.e.docum.en.ts@gmail.com,070-8554-0723
Alex William Moore,t.o.m.ob.e.d.ocum.e.n.t.s@gmail.com,070-7347-7997
Sarah William Johnson,to.mo.bed.ocumen.ts@gmail.com,070-9879-3695
Ryan Ann Smith,t.o.m.o.b.e.do.c.u.m.e.n.t.s@gmail.com,070-3585-6085
Emma James Taylor,to.mo.b.ed.ocu.men.t.s@gmail.com,070-3590-0132
Ryan Thomas,to.mo.b.e.d.o.c.ume.nts@gmail.com,070-5138-2723
Kevin Moore,tomo.b.edocuments@gmail.com,070-9289-1449
John Ann Taylor,t.om.o.be.docume.nt.s@gmail.com,070-7001-6863
Josh Johnson,t.omob.edocuments@gmail.com,070-5802-9404
Alex Miller,to.mo.be.d.o.cume.nts@gmail.com,070-6714-1980
Emma Moore,t.omobedocume.nt.s@gmail.com,070-8546-5398
Alex Ann Miller,t.o.mobe.d.o.cum.en.t.s@gmail.com,070-1300-3431
Kevin Ann Smith,tomobe.d.ocument.s@gmail.com,070-2914-2850
Sarah Smith,tomobedocumen.ts@gmail.com,070-2211-6935
Sarah William Moore,t.o.m.ob.e.d.o.c.u.m.e.nts@gmail.com,070-5436-4539
Chris Brown,t.om.o.bedocumen.t.s@gmail.com,070-3856-9964
Mike Smith,t.omob.e.d.o.cu.men.ts@gmail.com,070-0658-6040
Emma Marie Anderson,t.omo.bedocu.men.ts@gmail.com,070-6263-9521
David James Taylor,t.omo.b.ed.ocu.m.e.n.t.s@gmail.com,070-4563-1217
Kevin Anderson,t.o.mo.b.e.d.o.c.u.me.n.t.s@gmail.com,070-5076-0240
Kevin Brown,t.o.m.ob.ed.o.c.u.m.e.n.t.s@gmail.com,070-8549-1323
Kevin William Anderson,t.om.ob.edoc.u.m.ent.s@gmail.com,070-8392-3537
Ryan Marie Taylor,t.om.obe.d.o.cumen.t.s@gmail.com,070-4161-3903
Emma Johnson,t.omob.e.do.cum.ents@gmail.com,070-9755-5707
Kevin Thomas,t.o.mo.b.ed.oc.u.m.e.n.t.s@gmail.com,070-1437-6583
Emma Taylor,tomo.bedo.cu.m.en.ts@gmail.com,070-9408-7205
Sarah Taylor,to.mo.be.d.ocu.ments@gmail.com,070-9464-0472
John William Taylor,t.omobedo.cum.ent.s@gmail.com,070-4991-1848
Chris Moore,t.o.m.o.be.do.cu.m.e.n.t.s@gmail.com,070-5813-3513
Chris Thomas,to.mob.e.do.cu.ment.s@gmail.com,070-9589-4556
David Johnson,tomobe.docu.m.ents@gmail.com,070-0209-2270
Sarah Taylor,t.om.o.bed.ocu.m.e.nt.s@gmail.com,070-7738-2165
David Anderson,t.omo.bed.oc.um.ent.s@gmail.com,070-1267-5497
Chris Smith,tom.o.bedocuments@gmail.com,070-0162-8789
Kevin William Wilson,to.mo.bedo.c.ume.nt.s@gmail.com,070-9251-0832
Ryan Lee Brown,tomo.bed.ocum.e.nts@gmail.com,070-3010-1082
Emma Anderson,to.m.o.b.e.do.c.u.m.e.n.t.s@gmail.com,070-8973-6690
David Marie Smith,t.o.m.o.b.e.d.o.cu.m.en.t.s@gmail.com,070-0077-0063
Kevin James Johnson,tomobedoc.uments@gmail.com,070-8977-6714
Ryan Anderson,t.o.mo.b.ed.o.c.um.en.t.s@gmail.com,070-2716-9309
Mike Marie Miller,t.o.m.o.be.d.o.cu.m.e.n.t.s@gmail.com,070-4609-1150
Sarah Marie Smith,to.m.o.be.do.c.um.e.n.t.s@gmail.com,070-1743-8940
Alex Wilson,t.o.m.obe.d.oc.u.m.e.n.t.s@gmail.com,070-4178-8866
Sarah Miller,tomo.b.e.docu.m.e.nts@gmail.com,070-4489-9915
Mike Brown,t.om.o.b.e.d.ocu.m.e.n.t.s@gmail.com,070-4947-6394
Chris William Thomas,t.o.m.o.b.e.d.o.c.u.m.e.n.ts@gmail.com,070-9787-2820
John James Smith,tomobedoc.um.ents@gmail.com,070-3872-5229
Alex Taylor,t.o.m.o.be.d.oc.u.m.e.n.t.s@gmail.com,070-1637-4911
Emma Moore,to.m.ob.edoc.u.m.e.n.t.s@gmail.com,070-7472-0207
David Moore,tom.obe.d.o.c.u.m.en.ts@gmail.com,070-7140-7690
Ryan James Anderson,tomobe.document.s@gmail.com,070-9792-5185
John James Taylor,tom.ob.edo.cumen.ts@gmail.com,070-6442-7047
John Moore,t.o.m.o.b.e.d.o.cu.men.t.s@gmail.com,070-8610-9833
Emma Thomas,tomobe.d.oc.uments@gmail.com,070-6175-5591
Chris Marie Smith,tom.ob.ed.ocume.n.ts@gmail.com,070-6455-7934
Emma Johnson,tomo.bedocuments@gmail.com,070-6585-6919
Emma Miller,to.mo.bed.ocum.ent.s@gmail.com,070-4370-8202
Sarah Ann Anderson,t.omobedo.c.u.me.n.ts@gmail.com,070-6166-7474
Chris Ann Anderson,t.o.m.o.b.e.d.o.c.u.m.e.nt.s@gmail.com,070-2908-4409
Alex Marie Miller,to.m.o.be.d.oc.u.me.nt.s@gmail.com,070-9071-0239
Sarah Taylor,to.m.o.bed.o.c.ume.nt.s@gmail.com,070-3292-5286
Emma William Wilson,tomob.edo.c.umen.t.s@gmail.com,070-1636-0297
Kevin Moore,t.om.o.b.edo.cum.e.n.t.s@gmail.com,070-2799-6647
John Lee Thomas,t.om.o.b.edo.c.u.m.en.t.s@gmail.com,070-2341-9285
Kevin Brown,t.o.m.ob.e.d.o.c.ument.s@gmail.com,070-6716-1519
Josh Brown,tomobedocu.ments@gmail.com,070-3144-2846
Mike Ann Brown,tom.obedocu.me.n.ts@gmail.com,070-3588-3891
Alex Thomas,t.o.m.o.be.d.ocu.m.ent.s@gmail.com,070-5267-6266
Josh Thomas,t.o.mo.b.e.docu.m.e.n.t.s@gmail.com,070-7120-7534
Sarah Brown,tomo.b.e.d.o.cuments@gmail.com,070-9943-4767
Josh Marie Miller,to.m.ob.e.d.o.cum.en.t.s@gmail.com,070-0552-3920
Ryan Taylor,t.om.o.b.e.d.o.c.u.m.e.n.ts@gmail.com,070-4543-4335
Kevin Moore,t.o.m.o.be.d.o.c.um.e.n.t.s@gmail.com,070-2804-9710
Ryan Johnson,tomo.be.d.ocuments@gmail.com,070-3251-3423
Kevin Lee Miller,t.omobedocume.nts@gmail.com,070-3678-7847
John Taylor,t.om.o.b.ed.o.c.u.ments@gmail.com,070-8648-0048
Chris William Miller,t.om.o.bedo.cu.m.e.n.t.s@gmail.com,070-1524-7920
Josh Wilson,tomobedo.c.ume.n.ts@gmail.com,070-2342-2021
Ryan Brown,tom.o.be.d.o.c.ume.n.t.s@gmail.com,070-8880-4055
David Anderson,tomo.bedo.cu.me.n.ts@gmail.com,070-8908-0406
Chris Taylor,t.om.o.be.doc.u.m.e.n.t.s@gmail.com,070-3218-5715
Kevin Marie Moore,to.mob.e.d.o.c.ume.n.ts@gmail.com,070-0666-8475
Alex Thomas,t.o.m.o.b.e.d.oc.u.ment.s@gmail.com,070-1438-0056
Sarah James Brown,t.omob.e.do.cum.e.n.t.s@gmail.com,070-3836-4346
Alex Miller,t.o.m.obe.d.o.c.u.m.e.n.t.s@gmail.com,070-2534-4489
Ryan William Wilson,t.o.m.o.b.e.d.ocum.e.n.t.s@gmail.com,070-3329-7267
Chris Anderson,t.om.o.b.e.doc.u.ments@gmail.com,070-5959-8541
Alex Lee Wilson,t.om.obe.d.ocumen.t.s@gmail.com,070-8933-3267
Ryan Johnson,tom.ob.e.d.o.c.u.me.n.t.s@gmail.com,070-4490-0444
Mike Moore,t.o.m.o.b.e.d.o.cu.m.e.n.t.s@gmail.com,070-0772-7140
Emma Marie Moore,to.mo.b.edoc.u.m.e.n.t.s@gmail.com,070-4634-0963
Alex Ann Johnson,to.mo.b.ed.ocum.ents@gmail.com,070-1424-6841
Kevin Smith,t.omo.b.ed.o.cu.me.nts@gmail.com,070-2604-7910
Mike Johnson,tomobedo.cumen.ts@gmail.com,070-0832-1568
Mike Ann Taylor,to.m.ob.ed.ocum.en.t.s@gmail.com,070-7196-5149
Sarah Anderson,t.o.mobedocume.nts@gmail.com,070-2284-8864
Kevin Brown,tomob.ed.o.c.u.m.e.n.ts@gmail.com,070-2398-2200
Ryan William Thomas,tomobedocum.ents@gmail.com,070-6424-8729
Sarah William Moore,t.o.mob.ed.oc.um.e.n.t.s@gmail.com,070-3469-0767
Mike Moore,to.m.o.b.e.d.o.c.u.men.t.s@gmail.com,070-9596-9976
Mike Thomas,t.om.ob.e.d.o.c.um.e.n.t.s@gmail.com,070-7768-9855
Alex Anderson,to.mo.bed.ocu.ments@gmail.com,070-4145-8418
Ryan Smith,t.om.obedocuments@gmail.com,070-7869-9897
Mike Johnson,tomo.bed.ocu.me.n.ts@gmail.com,070-8733-5178
Chris Lee Johnson,t.om.o.b.e.d.o.c.u.m.e.n.t.s@gmail.com,070-9096-7004
John Miller,tomobe.docu.me.nt.s@gmail.com,070-5555-6848
John William Miller,tom.o.be.d.oc.um.e.nts@gmail.com,070-0192-7619
Chris Smith,t.om.o.b.e.d.o.c.u.m.en.t.s@gmail.com,070-8963-6014
Chris Taylor,t.omobe.do.c.um.e.nt.s@gmail.com,070-2055-8253
Ryan Johnson,t.om.o.b.e.d.o.c.u.men.t.s@gmail.com,070-6046-6296
Kevin Lee Smith,t.om.o.b.e.d.oc.u.m.en.t.s@gmail.com,070-4367-3823
Alex Miller,t.om.ob.e.do.c.um.e.n.t.s@gmail.com,070-5267-0766
Chris Ann Moore,t.om.o.b.e.do.cum.e.nt.s@gmail.com,070-0616-3983
David Marie Wilson,tom.obedoc.um.e.n.ts@gmail.com,070-1085-0020
Kevin Ann Anderson,t.omo.bedocu.ments@gmail.com,070-2022-3545
Josh William Anderson,t.o.mob.ed.oc.u.m.e.nt.s@gmail.com,070-4800-2371
Chris Ann Miller,t.o.m.o.b.e.d.o.c.u.m.e.n.t.s@gmail.com,070-8157-6869
Josh Brown,tomobed.ocu.ments@gmail.com,070-4393-3117
Josh Moore,tom.ob.edocuments@gmail.com,070-3712-3036
Chris Johnson,tomobedoc.ument.s@gmail.com,070-6033-6317
Emma James Miller,to.m.ob.ed.o.c.um.e.nt.s@gmail.com,070-8760-2345
Josh Miller,tomob.ed.oc.u.men.t.s@gmail.com,070-5010-7946
David Ann Thomas,tomobedocum.e.nts@gmail.com,070-6480-9884
John Moore,tomob.edocumen.t.s@gmail.com,070-2552-7313
Ryan Ann Brown,t.o.mo.bed.o.cumen.t.s@gmail.com,070-8309-0426
David Brown,t.o.mob.ed.o.c.ume.n.ts@gmail.com,070-5824-8789
Emma Marie Brown,t.o.mo.be.do.c.u.m.en.ts@gmail.com,070-2661-0813
Alex Moore,to.mobe.doc.u.m.ents@gmail.com,070-6374-6519
Kevin Brown,tomo.bedo.c.um.e.nts@gmail.com,070-8064-5686
Ryan Marie Moore,t.o.m.o.b.ed.o.c.u.m.e.n.t.s@gmail.com,070-9251-6330
Ryan Thomas,t.o.m.ob.edo.c.u.me.n.t.s@gmail.com,070-3355-0059
Kevin Miller,tomob.ed.ocument.s@gmail.com,070-7048-4402
Mike Marie Thomas,t.omo.bed.o.c.umen.t.s@gmail.com,070-3268-5697
Ryan James Johnson,tomob.e.documents@gmail.com,070-4941-0502
Chris Marie Anderson,t.o.m.ob.e.do.c.u.m.en.ts@gmail.com,070-0046-2401
David James Brown,tomo.bedocum.e.nts@gmail.com,070-2926-6760
Chris William Smith,t.omo.be.d.o.cu.m.e.nt.s@gmail.com,070-9096-7281
Alex Marie Johnson,tomo.bedocu.ment.s@gmail.com,070-5584-7020
John Smith,tomo.bedo.cu.men.ts@gmail.com,070-7704-0902
Josh Marie Johnson,to.m.o.be.d.ocu.me.n.ts@gmail.com,070-5457-6208
David Miller,t.o.mob.e.d.o.c.um.en.ts@gmail.com,070-6605-7494
Josh Johnson,t.o.m.o.bed.oc.um.e.nt.s@gmail.com,070-0159-4715
Chris Brown,to.m.obedoc.uments@gmail.com,070-2765-9310
Emma Ann Brown,tomob.edocu.ment.s@gmail.com,070-9486-6387
David Miller,t.o.mobedocu.me.nts@gmail.com,070-2516-4593
Ryan Johnson,tomo.be.do.cu.ment.s@gmail.com,070-2805-6852
Alex William Miller,t.om.obed.o.c.um.e.nt.s@gmail.com,070-7535-0283
Chris Brown,t.o.mob.e.d.oc.u.m.ents@gmail.com,070-3964-8851
Ryan Moore,to.m.o.bedoc.ume.nts@gmail.com,070-5216-3880
Chris James Johnson,tomob.e.doc.um.e.n.t.s@gmail.com,070-8341-0817
Josh Thomas,t.om.o.be.d.ocu.me.n.t.s@gmail.com,070-4532-3412
Josh Ann Wilson,t.o.mo.b.edocu.ments@gmail.com,070-4512-6508
Emma Thomas,tomo.be.d.o.cu.ment.s@gmail.com,070-6500-3314
Ryan Marie Taylor,to.mob.edoc.ume.nts@gmail.com,070-4126-7063
Emma Ann Miller,t.om.o.b.e.d.o.c.um.e.n.t.s@gmail.com,070-9025-0486
John Moore,t.omobe.do.cu.m.e.nt.s@gmail.com,070-2537-6583
Kevin Marie Taylor,t.o.m.o.be.d.ocu.m.e.n.t.s@gmail.com,070-5025-4740
Ryan James Moore,to.mo.be.do.cum.e.nt.s@gmail.com,070-5066-3530
Emma Lee Taylor,to.m.o.b.e.do.c.um.ent.s@gmail.com,070-6024-8174
name,email,phone
Alex Brown,t.o.mobesh.aring@gmail.com,070-9518-7874
Alex Lee Smith,t.o.m.o.be.s.h.a.r.i.n.g@gmail.com,070-1271-3894
Emma Moore,t.o.m.o.b.e.s.h.a.ri.n.g@gmail.com,070-3989-8505
Chris Thomas,t.o.m.ob.e.s.h.a.ri.n.g@gmail.com,070-5832-7017
Ryan Ann Anderson,t.om.o.bes.h.ar.in.g@gmail.com,070-7944-7058
Sarah Miller,t.om.o.be.s.h.ari.ng@gmail.com,070-3471-4253
Alex Brown,tomobes.hari.ng@gmail.com,070-3251-2980
Kevin Miller,t.o.m.o.b.e.shari.n.g@gmail.com,070-1021-2827
Chris James Johnson,t.o.mo.bes.ha.r.i.n.g@gmail.com,070-6238-4516
Ryan Johnson,t.o.mo.b.e.sh.aring@gmail.com,070-1547-9370
Sarah William Brown,t.omo.bes.ha.r.in.g@gmail.com,070-1420-1357
Ryan Ann Miller,to.mobeshari.ng@gmail.com,070-7455-9395
David Lee Taylor,t.o.m.o.b.es.ha.r.i.n.g@gmail.com,070-9744-0021
Ryan James Smith,t.o.m.o.b.es.h.a.r.ing@gmail.com,070-4892-8434
Ryan Brown,t.om.o.b.e.s.h.a.ri.n.g@gmail.com,070-6030-7515
Josh Brown,to.m.o.bes.h.a.r.i.n.g@gmail.com,070-9683-0997
Emma Smith,t.omobe.s.h.a.r.i.n.g@gmail.com,070-2062-7272
Sarah James Wilson,to.m.o.b.e.sh.ar.i.ng@gmail.com,070-1380-9193
John Ann Miller,t.o.m.o.b.esh.ar.ing@gmail.com,070-2842-9831
Chris Thomas,to.m.obe.sharing@gmail.com,070-3429-8674
Kevin William Smith,to.m.o.be.s.h.a.r.i.n.g@gmail.com,070-0790-9276
Kevin Smith,tom.ob.e.sh.ari.n.g@gmail.com,070-2159-5963
Mike James Thomas,to.m.o.b.es.h.ar.in.g@gmail.com,070-3249-2314
Ryan Brown,t.omob.e.s.h.ar.in.g@gmail.com,070-0500-1996
David Lee Moore,t.o.m.ob.esha.r.ing@gmail.com,070-9258-7994
Sarah James Wilson,to.mob.e.sha.ri.n.g@gmail.com,070-1950-9507
Ryan Thomas,t.o.mo.b.e.sh.a.r.i.n.g@gmail.com,070-9829-6404
Josh Ann Johnson,tomobes.h.ar.ing@gmail.com,070-5786-7563
David Wilson,tomo.b.es.ha.r.i.n.g@gmail.com,070-3992-4355
Kevin Smith,tom.o.b.e.s.ha.ring@gmail.com,070-3607-1094
Ryan William Johnson,t.o.m.o.b.e.s.ha.r.i.n.g@gmail.com,070-7293-9932
Sarah Lee Thomas,to.mobesharin.g@gmail.com,070-7352-1002
Mike William Miller,t.omob.es.h.ar.i.ng@gmail.com,070-6334-1967
Emma Thomas,t.o.m.ob.e.s.h.a.r.i.ng@gmail.com,070-4750-1418
Kevin Ann Smith,t.o.mo.beshar.i.ng@gmail.com,070-8654-2477
Sarah James Anderson,tom.ob.es.h.ar.i.n.g@gmail.com,070-6532-6407
David Moore,to.m.o.bes.haring@gmail.com,070-9012-3792
Alex Miller,t.omo.be.sh.a.ri.n.g@gmail.com,070-3464-6480
Mike Thomas,t.o.m.obe.s.ha.r.in.g@gmail.com,070-6624-8632
Mike Lee Anderson,t.o.mob.e.s.h.ar.i.n.g@gmail.com,070-7690-8107
Kevin Moore,t.omo.be.s.h.a.ri.n.g@gmail.com,070-3512-4753
Ryan William Taylor,tomobesharin.g@gmail.com,070-9533-6784
Josh Lee Thomas,t.o.mob.e.s.h.a.r.i.n.g@gmail.com,070-3419-5824
John Moore,t.omo.be.sh.a.r.i.n.g@gmail.com,070-5689-2241
Josh Wilson,to.m.o.b.esh.a.r.i.n.g@gmail.com,070-2819-5501
David Lee Thomas,t.o.mob.e.s.h.a.r.ing@gmail.com,070-9841-9963
Kevin Thomas,t.omo.b.e.sh.a.r.in.g@gmail.com,070-8875-0940
Mike Ann Anderson,tom.obesharing@gmail.com,070-5947-5237
Kevin Anderson,t.omob.es.ha.r.i.ng@gmail.com,070-3786-8224
Emma Marie Johnson,t.o.m.obe.s.h.ar.in.g@gmail.com,070-0625-6297
John Johnson,tomobe.sh.ari.ng@gmail.com,070-5365-9352
Kevin Ann Johnson,tomobe.shar.ing@gmail.com,070-2070-3882
David William Anderson,to.mob.esharing@gmail.com,070-0524-7582
Alex William Moore,t.o.mob.e.s.ha.r.i.ng@gmail.com,070-1742-6298
David Brown,t.o.m.o.bes.h.ar.i.n.g@gmail.com,070-2596-7987
Josh Smith,to.mobe.s.h.a.r.i.ng@gmail.com,070-6531-1451
Sarah Taylor,t.o.mob.es.ha.r.i.n.g@gmail.com,070-1998-2193
David Thomas,to.mo.b.es.har.in.g@gmail.com,070-9288-2938
Emma Lee Wilson,to.m.o.b.e.s.har.in.g@gmail.com,070-5078-6929
Alex William Thomas,to.mo.b.es.h.a.r.ing@gmail.com,070-8847-9114
John Brown,t.omo.be.shari.ng@gmail.com,070-5937-3400
Ryan Miller,t.omo.b.e.s.h.a.r.i.ng@gmail.com,070-6765-5898
Mike Miller,t.o.m.ob.esh.ari.ng@gmail.com,070-2231-0346
John Wilson,tomob.esh.aring@gmail.com,070-5580-1701
Emma Ann Thomas,to.mobes.har.ing@gmail.com,070-7266-3944
Kevin William Miller,tomo.be.s.harin.g@gmail.com,070-8038-1632
Mike Miller,t.omo.be.shar.in.g@gmail.com,070-2344-9097
Chris James Thomas,tomo.besh.aring@gmail.com,070-3428-3331
Mike William Anderson,to.m.obe.s.h.a.r.i.n.g@gmail.com,070-1542-6621
Alex James Wilson,t.o.m.o.b.e.s.h.a.r.i.ng@gmail.com,070-0257-0857
Ryan Moore,tomo.b.esha.ri.ng@gmail.com,070-0754-1921
Mike Smith,t.om.o.b.e.s.h.ar.i.n.g@gmail.com,070-9812-2215
Mike Taylor,t.om.o.b.e.sh.a.r.i.n.g@gmail.com,070-0722-1254
David Smith,tomob.e.sh.a.r.i.n.g@gmail.com,070-4480-2673
Sarah Thomas,t.omobesha.ring@gmail.com,070-2443-4043
David Marie Taylor,to.m.o.b.e.sh.a.r.in.g@gmail.com,070-9245-9364
John Lee Wilson,t.o.m.o.be.sh.ar.i.n.g@gmail.com,070-2573-8813
Ryan Marie Wilson,tomobe.s.ha.ring@gmail.com,070-2859-7871
Josh Ann Johnson,t.o.m.o.b.e.sha.ri.n.g@gmail.com,070-4021-8220
Josh Ann Taylor,tomobesha.ring@gmail.com,070-7425-3193
Kevin Marie Moore,tomobe.shar.i.ng@gmail.com,070-8066-5803
Ryan Wilson,to.mobes.ha.r.i.n.g@gmail.com,070-1281-0839
John Anderson,to.m.obesharing@gmail.com,070-2419-8011
Mike Wilson,t.om.ob.e.s.h.ar.ing@gmail.com,070-2425-7331
Josh Thomas,t.om.obesh.a.ring@gmail.com,070-3573-7561
Emma Johnson,t.o.m.o.b.e.s.h.a.r.i.n.g@gmail.com,070-8116-3055
Ryan Anderson,to.mo.besha.ring@gmail.com,070-2993-2473
Josh Marie Smith,to.mob.es.h.a.r.ing@gmail.com,070-9460-1574
David Lee Taylor,t.om.obe.sha.ring@gmail.com,070-7001-0087
Chris Brown,t.o.mo.be.s.h.a.r.i.ng@gmail.com,070-3845-4472
Alex Marie Anderson,t.o.mob.esha.r.ing@gmail.com,070-2008-6928
Ryan Marie Moore,t.o.m.o.b.es.h.a.ri.ng@gmail.com,070-3595-1521
Emma Ann Wilson,t.omo.b.es.h.ar.i.ng@gmail.com,070-7492-6499
Mike James Moore,tomo.bes.h.a.r.i.ng@gmail.com,070-0072-2018
John William Anderson,tomo.b.esh.a.r.i.n.g@gmail.com,070-8356-5780
Alex Miller,to.m.obesh.aring@gmail.com,070-0521-8409
Alex Smith,to.mobe.sh.ari.ng@gmail.com,070-6561-2195
Kevin Moore,to.m.ob.e.shar.i.ng@gmail.com,070-5831-5404
Sarah James Johnson,t.om.o.b.e.s.ha.r.ing@gmail.com,070-8222-0901
Chris Ann Miller,t.o.m.o.b.e.s.h.a.r.in.g@gmail.com,070-6464-3840
Chris Taylor,to.m.o.bes.har.i.ng@gmail.com,070-6574-9409
Mike James Thomas,tomo.b.esharing@gmail.com,070-3027-7646
Ryan Brown,tomobeshari.ng@gmail.com,070-9468-5413
Kevin Miller,tom.obesh.ar.i.ng@gmail.com,070-6383-4722
Chris Taylor,tomob.esharing@gmail.com,070-4876-1043
Kevin Anderson,tomobe.sharing@gmail.com,070-5655-2269
Sarah Smith,t.om.ob.e.s.ha.r.ing@gmail.com,070-4890-4369
Emma Miller,tomo.bes.ha.ring@gmail.com,070-0221-5320
Alex Lee Thomas,to.m.o.besharin.g@gmail.com,070-8587-1963
Emma Lee Moore,t.omo.be.sh.ar.i.n.g@gmail.com,070-6062-4218
Ryan Taylor,t.o.mob.es.har.i.n.g@gmail.com,070-7057-9712
Sarah Ann Anderson,tom.ob.e.sh.a.ring@gmail.com,070-0492-2912
Chris Ann Moore,to.m.o.b.e.sh.a.rin.g@gmail.com,070-0719-1131
Mike Moore,t.omo.b.e.s.ha.r.i.n.g@gmail.com,070-5845-7697
Sarah James Wilson,t.omob.esha.ring@gmail.com,070-3927-9358
Mike Ann Johnson,t.om.o.besharing@gmail.com,070-4989-0368
Chris William Wilson,tomobesha.r.i.ng@gmail.com,070-0827-5420
Josh James Miller,t.o.mo.b.e.s.ha.r.i.n.g@gmail.com,070-3693-5398
Ryan Anderson,tom.obes.h.a.rin.g@gmail.com,070-5472-2754
Mike Smith,t.o.m.o.be.s.hari.ng@gmail.com,070-7002-2266
Josh Lee Moore,tomo.b.esha.ring@gmail.com,070-2431-6015
Emma Johnson,t.om.o.be.sh.ari.n.g@gmail.com,070-3214-8096
Chris Johnson,t.om.o.b.es.h.ari.ng@gmail.com,070-1332-0984
Chris Ann Johnson,t.om.o.b.e.s.ha.ri.n.g@gmail.com,070-3930-7886
Alex Miller,to.m.o.b.e.s.h.a.ri.n.g@gmail.com,070-2026-9968
Josh Smith,to.mobes.hari.ng@gmail.com,070-3812-2879
Sarah William Miller,to.m.obe.s.haring@gmail.com,070-9426-8023
David Thomas,t.o.m.obe.sh.ari.n.g@gmail.com,070-8560-2592
Mike Johnson,tom.obes.ha.ri.ng@gmail.com,070-9435-2512
John Marie Anderson,tomo.besh.ar.ing@gmail.com,070-9587-3006
Sarah Taylor,t.omobeshari.n.g@gmail.com,070-2721-1845
David Lee Thomas,tomobe.sharin.g@gmail.com,070-9640-3683
David Taylor,t.om.ob.esh.a.r.i.n.g@gmail.com,070-4361-1312
Kevin Marie Thomas,tom.o.besh.a.ring@gmail.com,070-1908-9817
Emma William Miller,tomo.besharing@gmail.com,070-7011-8872
David Johnson,t.o.m.o.b.e.sh.a.r.i.n.g@gmail.com,070-3453-5064
Mike Ann Anderson,t.o.m.o.be.s.ha.r.i.n.g@gmail.com,070-7072-2230
Emma James Johnson,t.o.mob.esh.ari.ng@gmail.com,070-6339-5933
Ryan Marie Anderson,t.o.mobesharin.g@gmail.com,070-6630-8836
Chris Smith,tomobesh.aring@gmail.com,070-1750-1811
Ryan William Brown,to.mobe.sharin.g@gmail.com,070-1058-3125
Emma Anderson,to.m.ob.e.s.h.aring@gmail.com,070-7676-8921
Emma Wilson,t.omobesh.aring@gmail.com,070-7240-5239
Emma Johnson,t.om.o.besha.ring@gmail.com,070-2908-5662
Emma Miller,tom.o.be.s.h.ar.i.n.g@gmail.com,070-2579-6652
Kevin Johnson,t.o.m.obesh.a.r.ing@gmail.com,070-0589-4326
Alex Johnson,tomo.beshar.i.ng@gmail.com,070-7894-4431
Ryan James Thomas,tomob.eshari.ng@gmail.com,070-8255-7355
Josh James Smith,t.om.ob.e.sha.ri.n.g@gmail.com,070-2447-9184
Alex Ann Wilson,t.o.mo.be.s.h.ar.i.ng@gmail.com,070-1096-1251
Emma Ann Moore,to.m.obe.sha.r.i.n.g@gmail.com,070-5943-8609
David Thomas,t.o.m.o.be.sh.a.ri.ng@gmail.com,070-8958-8063
Kevin Marie Smith,tomo.b.es.h.a.r.i.n.g@gmail.com,070-8729-6077
David Ann Thomas,t.o.mo.be.s.h.a.r.in.g@gmail.com,070-4791-8655
Ryan Brown,t.o.mobes.har.i.n.g@gmail.com,070-2855-3575
Emma Moore,t.o.m.o.b.e.s.ha.r.in.g@gmail.com,070-1111-9081
Emma William Brown,t.om.o.bes.h.a.ri.n.g@gmail.com,070-6767-8021
Josh Lee Brown,to.m.o.b.es.h.a.rin.g@gmail.com,070-5636-2006
Mike Wilson,t.o.m.o.b.e.s.ha.ri.n.g@gmail.com,070-4363-2891
Emma Marie Wilson,to.mo.be.s.ha.r.ing@gmail.com,070-4140-8875
Kevin Ann Anderson,to.mob.e.s.h.a.r.i.ng@gmail.com,070-0017-5363
Sarah Thomas,t.om.o.b.e.s.h.a.r.i.n.g@gmail.com,070-9628-1715
David Lee Taylor,t.om.obe.sh.a.ri.ng@gmail.com,070-3815-7876
Ryan Ann Taylor,to.m.o.be.sharing@gmail.com,070-0598-0111
Mike Anderson,to.m.o.b.e.s.h.ari.n.g@gmail.com,070-9687-6612
Alex Lee Taylor,t.o.m.ob.e.s.har.i.n.g@gmail.com,070-8584-0154
Emma Thomas,t.om.ob.e.sh.a.r.in.g@gmail.com,070-2574-5436
Josh William Thomas,tom.ob.esh.ar.ing@gmail.com,070-3210-3903
Alex James Wilson,t.o.m.ob.e.s.h.a.ri.ng@gmail.com,070-1835-3441
Ryan Smith,t.o.mob.esharing@gmail.com,070-9785-1326
Josh Wilson,tom.ob.esharin.g@gmail.com,070-0342-9167
Josh Thomas,tomob.es.h.a.r.in.g@gmail.com,070-5465-1405
Sarah Johnson,t.omo.besh.ar.ing@gmail.com,070-2857-2478
Kevin Thomas,t.o.mo.b.e.sha.r.i.ng@gmail.com,070-8135-7068
David Brown,tom.obes.haring@gmail.com,070-8286-7488
Mike Lee Miller,t.omobeshari.ng@gmail.com,070-9872-6390
David Anderson,to.mo.besha.rin.g@gmail.com,070-4307-3115
John Marie Brown,t.omob.e.sh.a.ri.n.g@gmail.com,070-3330-1755
Alex Anderson,t.o.m.o.b.es.h.a.r.i.n.g@gmail.com,070-4733-0089
Emma Lee Taylor,tomobe.s.h.a.ri.n.g@gmail.com,070-5909-9634
Emma Miller,t.omob.e.s.har.in.g@gmail.com,070-4837-3007
David William Miller,tomob.esh.a.ring@gmail.com,070-0249-8825
Alex Miller,tomobes.ha.r.i.ng@gmail.com,070-5486-2062
Mike William Smith,t.o.mob.e.shar.ing@gmail.com,070-4480-8229
Mike Johnson,tom.o.b.e.s.h.a.ri.ng@gmail.com,070-2017-9274
Ryan Ann Anderson,t.o.m.obesharin.g@gmail.com,070-0294-1402
Josh Marie Smith,to.m.o.bes.h.a.r.i.ng@gmail.com,070-3549-4114
David Lee Johnson,tomob.e.s.h.aring@gmail.com,070-5518-6311
Mike Anderson,to.mobesharing@gmail.com,070-8732-2083
Josh Moore,to.mo.besh.ari.ng@gmail.com,070-5034-5980
Emma James Wilson,t.o.m.o.b.e.s.ha.r.i.ng@gmail.com,070-1464-6239
Alex Moore,t.o.m.o.b.e.sh.a.ri.n.g@gmail.com,070-5434-7758
Alex Brown,to.mob.e.shar.i.ng@gmail.com,070-4035-4470
John William Smith,tomob.e.sh.ar.i.n.g@gmail.com,070-4293-6191
Emma Smith,tom.o.be.shari.ng@gmail.com,070-2053-7352
Emma Ann Wilson,to.mob.es.h.ar.i.ng@gmail.com,070-3620-7889
Ryan Lee Taylor,to.m.o.besh.a.r.ing@gmail.com,070-0100-0840
Ryan James Anderson,to.mobeshar.in.g@gmail.com,070-7401-2804
David Miller,tom.o.b.e.shar.ing@gmail.com,070-2257-7979
Emma William Wilson,to.m.o.be.s.h.ari.n.g@gmail.com,070-3035-2840
name,email,phone
Emma Moore,tom.o.b.e.ph.o.tos@gmail.com,070-1095-2985
John Moore,t.omobeph.otos@gmail.com,070-2801-2312
John Marie Wilson,t.o.mo.bephot.os@gmail.com,070-2842-5003
Chris James Wilson,to.mobepho.t.o.s@gmail.com,070-9514-5695
Sarah Marie Johnson,to.mobe.phot.o.s@gmail.com,070-3560-6278
Josh Wilson,t.o.m.o.b.e.p.h.ot.o.s@gmail.com,070-1747-4740
Kevin Anderson,tomo.bep.h.oto.s@gmail.com,070-9182-4295
Chris James Anderson,t.om.o.b.e.p.hot.o.s@gmail.com,070-6112-3475
Alex Ann Thomas,t.omobe.phot.o.s@gmail.com,070-2568-6007
Emma Wilson,tom.obe.ph.o.to.s@gmail.com,070-4544-4524
Mike Marie Brown,to.mob.ep.h.oto.s@gmail.com,070-9342-8946
Mike Taylor,to.mob.e.pho.t.o.s@gmail.com,070-1431-5574
Emma William Anderson,to.mo.beph.ot.os@gmail.com,070-4974-2848
Chris Brown,t.o.m.o.b.e.ph.o.t.o.s@gmail.com,070-1010-1646
David Johnson,t.o.mobe.p.h.ot.o.s@gmail.com,070-4579-3006
John William Taylor,to.mo.be.p.ho.t.o.s@gmail.com,070-9606-9007
Sarah Miller,tomob.ephotos@gmail.com,070-5625-0482
Josh Lee Brown,to.m.o.b.ep.h.o.t.o.s@gmail.com,070-6826-1317
Ryan William Anderson,t.o.mobephot.os@gmail.com,070-7608-2542
Ryan Smith,to.mo.be.p.h.o.tos@gmail.com,070-2125-6053
Sarah Ann Miller,t.o.mob.ep.h.o.t.os@gmail.com,070-9152-7214
Kevin Marie Brown,tomobe.photo.s@gmail.com,070-1585-6880
David Marie Wilson,t.o.m.ob.ep.ho.tos@gmail.com,070-3138-5733
Emma Marie Brown,t.o.mo.b.e.p.h.ot.os@gmail.com,070-8221-1978
Kevin Miller,t.o.mo.b.e.p.h.ot.o.s@gmail.com,070-8330-5141
Sarah Johnson,t.o.m.ob.ep.h.ot.o.s@gmail.com,070-8166-5634
Ryan William Moore,tom.obephotos@gmail.com,070-8686-9349
Alex Marie Anderson,tomob.e.photos@gmail.com,070-1394-3997
Sarah Taylor,tom.o.b.ephoto.s@gmail.com,070-7287-3608
Alex Moore,tomobe.pho.to.s@gmail.com,070-3374-1037
Mike William Anderson,to.m.ob.ep.h.o.t.os@gmail.com,070-0464-4005
Sarah Lee Miller,t.o.m.obepho.t.os@gmail.com,070-8798-4455
Chris Marie Thomas,to.m.o.b.e.p.ho.t.o.s@gmail.com,070-0299-7935
John James Wilson,to.m.o.be.p.h.o.t.o.s@gmail.com,070-7956-2412
John Thomas,tom.obe.pho.to.s@gmail.com,070-4619-0350
Kevin Lee Johnson,t.o.m.o.b.e.ph.o.to.s@gmail.com,070-5821-7442
Chris Lee Moore,to.mobeph.o.tos@gmail.com,070-6091-3234
Josh Thomas,tomo.beph.ot.o.s@gmail.com,070-0699-1300
Alex Brown,tom.obe.photo.s@gmail.com,070-5747-9006
Ryan Smith,tomobe.photos@gmail.com,070-3106-4258
Emma Marie Wilson,to.m.obep.hoto.s@gmail.com,070-4803-5472
Mike William Brown,t.om.ob.e.p.ho.to.s@gmail.com,070-2741-2145
Josh Marie Wilson,tomobeph.ot.os@gmail.com,070-8828-4707
Emma William Taylor,tom.ob.epho.tos@gmail.com,070-7616-9074
Ryan Ann Johnson,t.o.mob.e.p.hoto.s@gmail.com,070-4846-5478
Sarah William Smith,to.m.ob.e.ph.o.t.o.s@gmail.com,070-9098-5494
Ryan Moore,t.o.mobep.h.ot.os@gmail.com,070-7504-2804
Sarah Ann Thomas,tomob.e.photo.s@gmail.com,070-7902-8101
John Miller,to.mobe.p.hot.o.s@gmail.com,070-4729-1743
Emma Lee Anderson,t.omobep.ho.to.s@gmail.com,070-2146-4590
David Ann Wilson,to.m.obeph.o.tos@gmail.com,070-1165-0802
John Marie Wilson,to.mobephot.os@gmail.com,070-2915-4296
David Moore,to.m.obep.hot.o.s@gmail.com,070-7579-5785
John Marie Brown,t.o.m.o.b.e.pho.t.o.s@gmail.com,070-9583-6708
Mike William Moore,tom.obepho.t.o.s@gmail.com,070-9832-9440
Ryan Taylor,tomo.be.photos@gmail.com,070-2419-6740
Kevin Taylor,t.o.m.obeph.o.t.o.s@gmail.com,070-7831-2690
John Thomas,t.o.m.ob.e.pho.t.o.s@gmail.com,070-1329-9740
Mike William Wilson,t.o.mob.e.p.h.o.t.o.s@gmail.com,070-7515-1787
Sarah Ann Anderson,t.o.m.o.b.e.ph.o.t.os@gmail.com,070-8644-2206
Ryan Lee Moore,tomob.ephot.os@gmail.com,070-0037-7049
Alex Marie Miller,t.o.mo.b.ep.h.ot.o.s@gmail.com,070-9010-3296
Chris Brown,t.o.m.o.b.e.p.h.oto.s@gmail.com,070-3133-2181
Josh Lee Smith,t.o.m.o.b.ep.hoto.s@gmail.com,070-9747-8287
Ryan Marie Miller,t.omobeph.o.t.os@gmail.com,070-8374-9429
Chris Thomas,tom.o.b.e.pho.t.o.s@gmail.com,070-8991-9801
Josh James Brown,t.o.m.o.be.photos@gmail.com,070-8916-4686
Josh Marie Johnson,to.mobeph.o.t.os@gmail.com,070-5304-9635
John Taylor,tomob.e.phot.o.s@gmail.com,070-4444-3539
John James Johnson,tomobephoto.s@gmail.com,070-9992-3953
David Marie Miller,to.m.ob.e.p.h.o.t.o.s@gmail.com,070-4874-5627
Josh Taylor,t.omo.b.ep.ho.to.s@gmail.com,070-0342-3541
Alex Thomas,to.mobe.ph.o.to.s@gmail.com,070-5288-8536
John Ann Brown,t.omo.be.p.ho.t.o.s@gmail.com,070-2953-7842
John Wilson,to.m.o.b.e.p.h.o.t.o.s@gmail.com,070-7560-5207
Josh Anderson,to.m.o.b.epho.tos@gmail.com,070-3387-4418
Sarah Wilson,tomobep.hotos@gmail.com,070-1819-7777
Emma Smith,tom.o.b.e.p.h.o.t.o.s@gmail.com,070-8962-4014
Kevin Johnson,t.o.m.o.b.ep.ho.to.s@gmail.com,070-5092-7693
Sarah Thomas,tomobe.ph.ot.o.s@gmail.com,070-5670-8087
Kevin Smith,t.om.o.b.e.p.h.o.t.o.s@gmail.com,070-3088-4788
Alex Marie Brown,tomo.bepho.to.s@gmail.com,070-3465-7207
Mike Miller,t.om.obepho.tos@gmail.com,070-2373-0255
Ryan Ann Moore,to.mobepho.tos@gmail.com,070-8642-9313
Josh Brown,to.m.ob.e.phot.o.s@gmail.com,070-0980-6671
Kevin James Wilson,t.om.o.bep.h.otos@gmail.com,070-1842-5433
Mike Brown,t.om.o.b.e.phot.os@gmail.com,070-0821-4932
John William Taylor,t.o.mo.b.e.p.h.o.t.o.s@gmail.com,070-2013-1059
Mike Miller,to.mobe.p.hot.os@gmail.com,070-7266-4497
Mike James Miller,t.o.m.ob.e.p.h.o.to.s@gmail.com,070-4272-3703
Ryan Lee Johnson,tom.obephoto.s@gmail.com,070-0726-9176
Mike Wilson,to.mobephoto.s@gmail.com,070-6604-9878
Sarah Ann Brown,tomo.b.e.pho.tos@gmail.com,070-2442-5788
Josh Miller,t.omobep.hotos@gmail.com,070-0660-6381
Chris Miller,tomo.be.p.ho.t.o.s@gmail.com,070-8462-6616
Chris William Brown,t.om.o.b.ep.h.ot.o.s@gmail.com,070-3953-8319
Emma Lee Anderson,t.o.mo.be.p.h.o.t.o.s@gmail.com,070-0527-4108
Josh James Johnson,t.om.obephotos@gmail.com,070-0872-2300
Mike Brown,to.m.ob.ep.h.otos@gmail.com,070-2328-7328
Ryan Miller,t.om.o.be.pho.t.os@gmail.com,070-6484-6080
John Ann Brown,t.o.m.obephot.os@gmail.com,070-0391-6793
Chris Ann Brown,tomobep.hoto.s@gmail.com,070-3645-5513
David Johnson,t.om.obe.phot.os@gmail.com,070-0168-3462
Emma Lee Miller,to.mo.b.e.p.h.o.t.o.s@gmail.com,070-1817-9398
Sarah Taylor,t.om.obep.hot.o.s@gmail.com,070-9944-4756
Ryan Smith,tomobepho.to.s@gmail.com,070-4720-7212
Sarah Taylor,t.o.m.o.be.p.h.o.t.o.s@gmail.com,070-6087-0854
Emma Moore,t.omo.b.e.pho.t.os@gmail.com,070-5699-9399
Ryan William Wilson,tom.obe.p.h.o.t.o.s@gmail.com,070-5479-6437
John Miller,t.om.o.b.e.p.ho.to.s@gmail.com,070-5195-8622
Emma Smith,t.o.m.ob.e.p.hoto.s@gmail.com,070-4418-3827
Kevin Ann Thomas,t.o.m.o.be.ph.o.to.s@gmail.com,070-0004-4455
Chris William Anderson,t.o.m.obe.p.h.o.to.s@gmail.com,070-9944-0221
Kevin Smith,tomo.be.phot.os@gmail.com,070-6791-1017
Ryan Marie Anderson,t.o.mob.e.p.h.ot.o.s@gmail.com,070-8142-9781
Chris Anderson,to.mo.b.ephotos@gmail.com,070-2806-0959
John Lee Thomas,to.m.o.b.eph.o.t.os@gmail.com,070-3186-1138
Chris Taylor,t.omo.b.ephoto.s@gmail.com,070-3194-2038
Ryan Ann Smith,t.o.m.ob.e.ph.o.t.o.s@gmail.com,070-2195-2711
Mike Marie Moore,t.o.m.o.be.p.h.o.t.os@gmail.com,070-1052-3668
David Brown,t.omobep.hoto.s@gmail.com,070-2899-9756
Emma Lee Johnson,t.o.m.obephotos@gmail.com,070-7238-3406
John Marie Johnson,to.mobephotos@gmail.com,070-7608-1767
Kevin Smith,t.o.m.obe.p.h.o.t.o.s@gmail.com,070-1423-6130
Chris Anderson,t.omo.b.e.p.h.o.t.o.s@gmail.com,070-5183-0284
Emma Anderson,t.om.o.b.epho.t.o.s@gmail.com,070-5377-1736
Mike Miller,to.m.obephotos@gmail.com,070-4767-2237
Ryan Lee Thomas,to.mo.b.e.photo.s@gmail.com,070-3782-4338
David Ann Anderson,t.o.mo.b.e.p.hoto.s@gmail.com,070-0654-0007
Sarah Lee Miller,t.o.m.obe.p.h.ot.os@gmail.com,070-6364-6859
David Moore,t.o.m.o.b.ep.h.o.t.os@gmail.com,070-4791-3035
Emma Miller,tomo.b.e.pho.t.os@gmail.com,070-2073-0707
Emma Moore,t.omob.e.ph.o.tos@gmail.com,070-6860-2704
Alex Wilson,t.o.m.o.b.ep.h.o.t.o.s@gmail.com,070-9457-9035
John James Wilson,t.om.o.beph.o.t.os@gmail.com,070-0512-7635
Sarah Thomas,tomob.eph.o.t.o.s@gmail.com,070-8657-6361
Josh Smith,t.o.m.o.b.ephoto.s@gmail.com,070-6113-2350
Josh William Brown,t.o.m.o.beph.o.t.os@gmail.com,070-2575-1023
Chris Lee Johnson,t.o.m.o.bep.h.o.to.s@gmail.com,070-8689-9355
Kevin Wilson,to.m.o.beph.o.t.os@gmail.com,070-3052-5352
David Wilson,tom.o.b.ep.h.o.t.o.s@gmail.com,070-9376-0315
Emma Marie Brown,to.mo.be.photo.s@gmail.com,070-8563-4796
David Ann Johnson,t.o.m.o.b.e.p.h.o.t.os@gmail.com,070-2794-0955
Mike Ann Thomas,t.omobephotos@gmail.com,070-9729-8111
John William Smith,tomobephot.os@gmail.com,070-2394-8789
John Marie Johnson,to.m.obe.ph.ot.os@gmail.com,070-2323-6049
Kevin Taylor,tomobepho.tos@gmail.com,070-7066-4907
Alex Thomas,t.o.mobephot.o.s@gmail.com,070-5919-8543
John Thomas,to.mobe.p.ho.tos@gmail.com,070-0410-4092
Ryan Brown,tom.ob.eph.otos@gmail.com,070-2708-6109
John Thomas,tomo.b.e.pho.t.o.s@gmail.com,070-9980-4762
Mike Marie Miller,t.o.mob.e.p.h.o.tos@gmail.com,070-7982-8093
John Taylor,t.o.mobeph.ot.o.s@gmail.com,070-4810-1754
Emma Lee Smith,t.o.mobe.p.ho.t.o.s@gmail.com,070-0482-3380
Emma Taylor,tomob.e.pho.tos@gmail.com,070-4478-7625
John Moore,t.o.mob.e.p.h.ot.os@gmail.com,070-7230-5299
Alex William Smith,t.om.ob.e.p.h.ot.o.s@gmail.com,070-5677-5166
Josh Lee Moore,t.o.mo.be.ph.o.t.os@gmail.com,070-6494-4559
Kevin Ann Brown,to.mob.e.p.hot.os@gmail.com,070-2881-1134
Josh Brown,tomob.ep.hotos@gmail.com,070-2469-5292
Sarah Marie Smith,t.omo.bephoto.s@gmail.com,070-0644-2131
Josh Anderson,t.om.o.b.e.ph.o.t.o.s@gmail.com,070-2889-0404
John Johnson,t.omo.b.e.ph.ot.o.s@gmail.com,070-2653-0793
Alex William Smith,t.o.mo.b.e.p.h.o.to.s@gmail.com,070-8905-3351
Alex Wilson,t.o.m.o.b.e.p.h.o.t.o.s@gmail.com,070-7497-7295
Mike Ann Anderson,t.o.m.o.be.p.ho.t.o.s@gmail.com,070-1676-3498
Emma Marie Brown,t.o.m.o.be.p.ho.t.os@gmail.com,070-2537-1433
Alex Taylor,t.omobeph.o.tos@gmail.com,070-2733-5522
David Anderson,t.o.mobephotos@gmail.com,070-8187-9969
Ryan James Wilson,tom.obeph.otos@gmail.com,070-3207-3210
Alex Miller,t.o.m.obe.ph.ot.o.s@gmail.com,070-3947-0064
Josh William Anderson,to.mob.e.ph.o.t.o.s@gmail.com,070-5826-9765
Ryan William Moore,t.om.o.bepho.to.s@gmail.com,070-5612-5834
Chris Lee Johnson,t.omo.b.epho.t.os@gmail.com,070-3250-3343
Emma Moore,to.mob.e.p.h.o.tos@gmail.com,070-2617-1475
Josh William Johnson,t.o.m.o.b.e.p.ho.t.o.s@gmail.com,070-6681-5900
Mike Marie Taylor,t.omo.be.p.hotos@gmail.com,070-2626-8147
Chris Miller,tom.o.bephotos@gmail.com,070-6830-0881
Chris Johnson,t.om.o.b.eph.o.to.s@gmail.com,070-9583-7560
Chris Marie Thomas,t.o.mo.b.eph.o.to.s@gmail.com,070-0726-6386
Alex Brown,to.mob.ep.h.o.to.s@gmail.com,070-9430-6910
Josh James Thomas,t.o.m.o.b.eph.o.t.o.s@gmail.com,070-6214-7390
Josh Ann Taylor,tomo.b.ep.hot.os@gmail.com,070-4393-8863
Emma James Thomas,tomob.e.p.ho.t.o.s@gmail.com,070-3627-9694
Ryan Taylor,to.mo.b.e.phot.os@gmail.com,070-9529-9047
Chris Moore,to.m.o.b.e.ph.oto.s@gmail.com,070-4326-1834
Ryan Brown,to.m.o.b.e.ph.o.t.o.s@gmail.com,070-3556-2215
John Taylor,t.om.o.b.e.p.h.ot.os@gmail.com,070-4032-6841
Kevin Taylor,t.o.m.o.b.e.p.ho.to.s@gmail.com,070-2146-8593
Emma Marie Moore,to.m.o.b.e.p.h.o.t.os@gmail.com,070-7739-3384
John Wilson,tomo.bephoto.s@gmail.com,070-0749-1304
Ryan Brown,tomo.be.p.h.oto.s@gmail.com,070-1459-1528
Ryan Thomas,t.om.o.b.e.ph.o.tos@gmail.com,070-1372-1956
David Taylor,to.mob.ephot.o.s@gmail.com,070-8590-9911
Mike Taylor,to.mob.e.pho.t.os@gmail.com,070-8277-2565
Emma Anderson,t.om.o.b.ep.hot.o.s@gmail.com,070-4925-2431
Ryan Ann Smith,t.omobe.pho.to.s@gmail.com,070-4527-3177
Kevin Smith,t.o.mobe.p.h.o.to.s@gmail.com,070-5802-9272
John Brown,t.omob.ephotos@gmail.com,070-1720-8118
Emma Marie Brown,t.o.mo.b.eph.ot.o.s@gmail.com,070-2278-0845
